{
    "objects": [
        {
            "model": "Floor",
            "tag": "None",
            "material": {
                "Custom": {
                    "albedo": {
                        "r": 3.4127142280340195e-2,
                        "g": 5.882352590560913e-2,
                        "b": 2.652825601398945e-2,
                        "a": 1e0
                    },
                    "metallic": 0e0,
                    "roughness": 1e0,
                    "emissive_strength": 0e0
                }
            },
            "position": {
                "x": 0e0,
                "y": 0e0,
                "z": 0e0
            },
            "rotation_x": 0e0,
            "rotation_y": 0e0,
            "rotation_z": 0e0
        },
        {
            "model": "Box",
            "tag": "CorrectBox",
            "material": {
                "Custom": {
                    "albedo": {
                        "r": 5.764706134796143e-1,
                        "g": 1.8085351213812828e-2,
                        "b": 1.8085351213812828e-2,
                        "a": 1e0
                    },
                    "metallic": 0e0,
                    "roughness": 5e-1,
                    "emissive_strength": 0e0
                }
            },
            "position": {
                "x": -1.600000023841858e0,
                "y": 0e0,
                "z": 0e0
            },
            "rotation_x": 0e0,
            "rotation_y": 0e0,
            "rotation_z": 0e0
        },
        {
            "model": "Wall",
            "tag": "None",
            "material": {
                "Custom": {
                    "albedo": {
                        "r": 9.019608050584793e-2,
                        "g": 9.019608050584793e-2,
                        "b": 9.019608050584793e-2,
                        "a": 1e0
                    },
                    "metallic": 5e-1,
                    "roughness": 1e0,
                    "emissive_strength": 0e0
                }
            },
            "position": {
                "x": -4.840000152587891e0,
                "y": 0e0,
                "z": 0e0
            },
            "rotation_x": 0e0,
            "rotation_y": 0e0,
            "rotation_z": 0e0
        },
        {
            "model": "Wall",
            "tag": "None",
            "material": {
                "Custom": {
                    "albedo": {
                        "r": 8.823531866073608e-2,
                        "g": 8.823531866073608e-2,
                        "b": 8.823531866073608e-2,
                        "a": 1e0
                    },
                    "metallic": 5e-1,
                    "roughness": 1e0,
                    "emissive_strength": 0e0
                }
            },
            "position": {
                "x": 0e0,
                "y": 5e0,
                "z": 0e0
            },
            "rotation_x": 0e0,
            "rotation_y": 0e0,
            "rotation_z": 1.5700000524520874e0
        },
        {
            "model": "Box",
            "tag": "None",
            "material": {
                "Original": {}
            },
            "position": {
                "x": 1.600000023841858e0,
                "y": 0e0,
                "z": 0e0
            },
            "rotation_x": 0e0,
            "rotation_y": 0e0,
            "rotation_z": 0e0
        },
        {
            "model": "Platform",
            "tag": "None",
            "material": {
                "Original": {}
            },
            "position": {
                "x": 0e0,
                "y": 1.850000023841858e0,
                "z": 0e0
            },
            "rotation_x": 0e0,
            "rotation_y": 0e0,
            "rotation_z": 0e0
        },
        {
            "model": "DoorInnerLight",
            "tag": "None",
            "material": {
                "Original": {}
            },
            "position": {
                "x": 0e0,
                "y": 4e0,
                "z": 0e0
            },
            "rotation_x": 0e0,
            "rotation_y": 0e0,
            "rotation_z": 0e0
        },
        {
            "model": "DoorFrame",
            "tag": "None",
            "material": {
                "Original": {}
            },
            "position": {
                "x": 0e0,
                "y": 4e0,
                "z": 0e0
            },
            "rotation_x": 0e0,
            "rotation_y": 0e0,
            "rotation_z": 1.5700000524520874e0
        },
        {
            "model": "DoorDoor",
            "tag": "ExitDoor",
            "material": {
                "Original": {}
            },
            "position": {
                "x": 0e0,
                "y": 4e0,
                "z": 0e0
            },
            "rotation_x": 0e0,
            "rotation_y": 0e0,
            "rotation_z": 1.5700000524520874e0
        },
        {
            "model": "Wall",
            "tag": "None",
            "material": {
                "Custom": {
                    "albedo": {
                        "r": 9.019608050584793e-2,
                        "g": 9.019608050584793e-2,
                        "b": 9.019608050584793e-2,
                        "a": 1e0
                    },
                    "metallic": 5e-1,
                    "roughness": 1e0,
                    "emissive_strength": 0e0
                }
            },
            "position": {
                "x": 5e0,
                "y": 0e0,
                "z": 0e0
            },
            "rotation_x": 0e0,
            "rotation_y": 0e0,
            "rotation_z": 0e0
        },
        {
            "model": "Wall",
            "tag": "None",
            "material": {
                "Custom": {
                    "albedo": {
                        "r": 9.019608050584793e-2,
                        "g": 9.019608050584793e-2,
                        "b": 9.019608050584793e-2,
                        "a": 1e0
                    },
                    "metallic": 5e-1,
                    "roughness": 1e0,
                    "emissive_strength": 0e0
                }
            },
            "position": {
                "x": 0e0,
                "y": -5e0,
                "z": 0e0
            },
            "rotation_x": 0e0,
            "rotation_y": 0e0,
            "rotation_z": 1.5700000524520874e0
        },
        {
            "model": "DoorDoor",
            "tag": "EntranceDoor",
            "material": {
                "Original": {}
            },
            "position": {
                "x": 0e0,
                "y": -4e0,
                "z": 0e0
            },
            "rotation_x": 0e0,
            "rotation_y": 0e0,
            "rotation_z": 1.5700000524520874e0
        },
        {
            "model": "DoorFrame",
            "tag": "None",
            "material": {
                "Original": {}
            },
            "position": {
                "x": 0e0,
                "y": -4e0,
                "z": 0e0
            },
            "rotation_x": 0e0,
            "rotation_y": 0e0,
            "rotation_z": 1.5700000524520874e0
        },
        {
            "model": "DoorInnerLight",
            "tag": "None",
            "material": {
                "Original": {}
            },
            "position": {
                "x": 0e0,
                "y": -4e0,
                "z": 0e0
            },
            "rotation_x": 0e0,
            "rotation_y": 0e0,
            "rotation_z": 0e0
        },
        {
            "model": "Box",
            "tag": "None",
            "material": {
                "Original": {}
            },
            "position": {
                "x": 0e0,
                "y": 0e0,
                "z": 0e0
            },
            "rotation_x": 0e0,
            "rotation_y": 0e0,
            "rotation_z": 0e0
        }
    ],
    "environment": {
        "lights_position": [
            {
                "x": 0e0,